date,user,is_retweet,is_quote,text,quoted_text
2021-01-24 09:25:10,gwentheewitch,False,True,This doesn‚Äôt even make sense but go off pooh,@gwentheewitch @fareehajaved6 Doesn't change a single damn. You do know, figure of speech, right? Aight whatever, you clearly hate Naruto way more to actually acknowledge the fact. Whatever, bye. Have a great day.
2021-01-24 09:25:11,drain4eva,True,True,RT @Mlickles: This fan work is one of the most tragic things I've seen on the Internet. Chief probably just wanted to make a fun video for‚Ä¶,A message to ultimate Isabelle players https://t.co/fXcYz1Iy57
2021-01-24 09:25:26,oceanclub,True,True,RT @AdamSerwer: This week alone, people were fired from the New York Times, the Niskanen Center, and Fox News for making conservatives mad,It‚Äôs equally amazing that people tweet disingenuous nonsense like this, when conservatives have been for ages pointing out that when it comes to speech the left has become exactly what it purported to hate.
2021-01-24 09:25:34,Satish91352516,True,False,RT @Swamy39: Dr Subramanian Swamy with Dr Venkat Iyer - Hate Speech: Can the Law Do Anything About It https://t.co/ZZIkuiZ9q2,
2021-01-24 09:25:48,Subuzuro,False,False,The only part of the first amendment people care about is free speech. "No speech is hate speech" they say. By their logic there shouldn't be "unlawful assembly" since freedom of assembly is a 1st amendment right.,
2021-01-24 09:25:51,Callmesaina1,False,True,I dont care about his job I want him to do time. This is hate speech and he needs to be punished and have this on his record permanently,What an absolute CUNT 
 https://t.co/S424XEuCh1
2021-01-24 09:25:57,swinny198,False,True,Some good news at least.,Priti Patel to take axe to Tony Blair's hate speech laws fuelling woke cancel culture | UK | News | https://t.co/eUvAkCKRWC https://t.co/SJVQNjjMW7
2021-01-24 09:26:03,wonderfulcomplx,True,False,RT @negaoryx: There's more than 42,000+ viewers watching the Twitch Participation Ceremony on the offical @Twitch channel now. Users in cha‚Ä¶,
2021-01-24 09:26:09,BNubmel,True,True,RT @Mlickles: This fan work is one of the most tragic things I've seen on the Internet. Chief probably just wanted to make a fun video for‚Ä¶,A message to ultimate Isabelle players https://t.co/fXcYz1Iy57
2021-01-24 09:26:15,greatlakesforex,True,False,RT @BreesAnna: Priti Patel to take axe to Tony Blair's hate speech laws fuelling woke cancel culture | UK | News | https://t.co/eUvAkCKRWC‚Ä¶,
2021-01-24 09:26:24,JohnTyrey,True,True,RT @AdamSerwer: This week alone, people were fired from the New York Times, the Niskanen Center, and Fox News for making conservatives mad,It‚Äôs equally amazing that people tweet disingenuous nonsense like this, when conservatives have been for ages pointing out that when it comes to speech the left has become exactly what it purported to hate.
2021-01-24 09:26:47,jakubwastaken,True,False,RT @negaoryx: There's more than 42,000+ viewers watching the Twitch Participation Ceremony on the offical @Twitch channel now. Users in cha‚Ä¶,
2021-01-24 09:26:49,AlexaAdams12,True,True,RT @AdamSerwer: This week alone, people were fired from the New York Times, the Niskanen Center, and Fox News for making conservatives mad,It‚Äôs equally amazing that people tweet disingenuous nonsense like this, when conservatives have been for ages pointing out that when it comes to speech the left has become exactly what it purported to hate.
2021-01-24 09:27:26,BParkr,True,False,RT @newscomauHQ: China has slammed Australia for its ‚Äúracism problem‚Äù and even offered five recommendations for Canberra to combat ‚Äúviolenc‚Ä¶,
2021-01-24 09:27:26,dialshrimp,True,True,RT @AdamSerwer: This week alone, people were fired from the New York Times, the Niskanen Center, and Fox News for making conservatives mad,It‚Äôs equally amazing that people tweet disingenuous nonsense like this, when conservatives have been for ages pointing out that when it comes to speech the left has become exactly what it purported to hate.
2021-01-24 09:27:28,deardandymusic,False,False,@hitoyukii I hate when people feel like some fancy speech will wave depression away like a magic wand,
2021-01-24 09:27:53,cat_elm,True,False,RT @negaoryx: There's more than 42,000+ viewers watching the Twitch Participation Ceremony on the offical @Twitch channel now. Users in cha‚Ä¶,
2021-01-24 09:28:03,iHugLjn,False,False,here a place if u want to judge me or send  me a hate speech üòò
https://t.co/qBk7gfQJcz,
2021-01-24 09:28:10,CorenubTV,True,False,RT @negaoryx: There's more than 42,000+ viewers watching the Twitch Participation Ceremony on the offical @Twitch channel now. Users in cha‚Ä¶,
2021-01-24 09:28:13,OKane33Lysa,False,False,@pwafork Hate speech, downright lies, and conspiracy theories that lead to violence should be condemned. Especially when they're so fucking ridiculous!,
2021-01-24 09:28:34,Spurskid4life,True,False,RT @ThomasSowell: One of the most dangerous trends of our times is making the truth socially unacceptable, or even illegal, with "hate spee‚Ä¶,
2021-01-24 09:28:49,MoroccoCouncil,True,False,RT @newscomauHQ: China has slammed Australia for its ‚Äúracism problem‚Äù and even offered five recommendations for Canberra to combat ‚Äúviolenc‚Ä¶,
2021-01-24 09:28:57,framexol,True,False,RT @halenhenx: ‡∏Ñ‡∏≥‡∏´‡∏¢‡∏≤‡∏ö ‚â† hate speech ‡πÄ‡∏™‡∏°‡∏≠‡πÑ‡∏õ
‡∏Ñ‡∏≥‡∏û‡∏π‡∏î‡∏™‡∏∏‡∏†‡∏≤‡∏û ‡πÑ‡∏°‡πà‡∏°‡∏µ‡∏Ñ‡∏≥‡∏´‡∏¢‡∏≤‡∏ö ‚â† pc ‡πÄ‡∏™‡∏°‡∏≠‡πÑ‡∏õ,
2021-01-24 09:28:57,yukaioroi,False,False,@AtaruSasaki @nasukoB „Åù„ÅÆÈÄö„Çä„Åß„Åô„Å≠üò©

Hello @TwitterSafety @jack, many of us Japanese are very concerned that @TwitterJP isn‚Äôt doing enough to combat the spread of misinformation, hate speech and right wing extremism on JP Twitter. It is now a full-blown, dangerous infestation. 

Please push them.,
2021-01-24 09:29:05,GaviotaKev,False,False,@MsDarylCalvert1 @piersmorgan Freedom of speech is the ‚Äúbattle cry of the right‚Äù ü§£ü§£ freedom to trot out hate, bile and lies and to gaslight without challenge, is that what you mean?
Toby &amp; Lozza &amp; Katie &amp; Donnie &amp; mates are with you bro üëç,
2021-01-24 09:29:05,loughlin,True,True,RT @AdamSerwer: This week alone, people were fired from the New York Times, the Niskanen Center, and Fox News for making conservatives mad‚Ä¶,It‚Äôs equally amazing that people tweet disingenuous nonsense like this, when conservatives have been for ages pointing out that when it comes to speech the left has become exactly what it purported to hate. https://t.co/wgY7ITOmb5
2021-01-24 09:29:20,MachineStopper,True,True,RT @AdamSerwer: This week alone, people were fired from the New York Times, the Niskanen Center, and Fox News for making conservatives mad,It‚Äôs equally amazing that people tweet disingenuous nonsense like this, when conservatives have been for ages pointing out that when it comes to speech the left has become exactly what it purported to hate.
2021-01-24 09:29:28,maker7919,True,True,RT @Mlickles: This fan work is one of the most tragic things I've seen on the Internet. Chief probably just wanted to make a fun video for‚Ä¶,A message to ultimate Isabelle players https://t.co/fXcYz1Iy57
2021-01-24 09:29:32,figxure,True,True,RT @Mlickles: This fan work is one of the most tragic things I've seen on the Internet. Chief probably just wanted to make a fun video for‚Ä¶,A message to ultimate Isabelle players https://t.co/fXcYz1Iy57
2021-01-24 09:29:41,gomez_blackpink,False,True,for not sending in a thank you speech at award shows..,quote this tweet with the stupidest thing Blackpink has gotten hate for
2021-01-24 09:29:44,LozzaFox,False,False,Good. All subjective legislation should be repealed. 

It‚Äôs either a crime, or it‚Äôs not. 

It certainly isn‚Äôt a crime because someone *feels* it is.

Bye bye hate crime. Don‚Äôt forget your coat. üëãüèª  https://t.co/5aL1so3mTd,
2021-01-24 09:29:45,TheSmalHobbit,True,True,RT @Mlickles: This fan work is one of the most tragic things I've seen on the Internet. Chief probably just wanted to make a fun video for‚Ä¶,A message to ultimate Isabelle players https://t.co/fXcYz1Iy57
2021-01-24 09:29:47,BeanedOrinana,True,True,RT @Mlickles: This fan work is one of the most tragic things I've seen on the Internet. Chief probably just wanted to make a fun video for‚Ä¶,A message to ultimate Isabelle players https://t.co/fXcYz1Iy57
2021-01-24 09:29:56,J_Scott_95,True,False,RT @LozzaFox: Good. All subjective legislation should be repealed. 

It‚Äôs either a crime, or it‚Äôs not. 

It certainly isn‚Äôt a crime because‚Ä¶,
2021-01-24 09:29:58,brokenbong,True,True,RT @AdamSerwer: This week alone, people were fired from the New York Times, the Niskanen Center, and Fox News for making conservatives mad,It‚Äôs equally amazing that people tweet disingenuous nonsense like this, when conservatives have been for ages pointing out that when it comes to speech the left has become exactly what it purported to hate.
2021-01-24 09:30:08,jmjk85,True,False,RT @btsnoapology: https://t.co/LeqIbtRasA
report each tweet under their pinned thread(s) as  "disrespectful or offensive" + "targeted haras‚Ä¶,
2021-01-24 09:30:25,Mordd_IndyMedia,False,False,Since when are white people a minority protected class? I just got a 3 day @Facebook ban for making a frustrated joke on my personal profile. Is this the line we are drawing now Facebook? No wonder you can't control real hate speech on your platform. https://t.co/Y5gqcVVFav,
2021-01-24 09:30:27,rationalhuman1,True,False,RT @LozzaFox: Good. All subjective legislation should be repealed. 

It‚Äôs either a crime, or it‚Äôs not. 

It certainly isn‚Äôt a crime because‚Ä¶,
2021-01-24 09:30:29,DabWhoreJunior,True,False,RT @LozzaFox: Good. All subjective legislation should be repealed. 

It‚Äôs either a crime, or it‚Äôs not. 

It certainly isn‚Äôt a crime because‚Ä¶,
2021-01-24 09:30:29,Grizzl_E_Bear,True,False,RT @LozzaFox: Good. All subjective legislation should be repealed. 

It‚Äôs either a crime, or it‚Äôs not. 

It certainly isn‚Äôt a crime because‚Ä¶,
2021-01-24 09:30:36,ctengland1974,True,False,RT @FatherLeoFeeds: Critical thinking is now considered hate speech,
2021-01-24 09:30:38,crlyn25,True,False,RT @reonjen23: @lianoonahyuck Si lala problematic itu bukan sih? Soalnya kan dia emang caper + selalu hate speech ke siapapun dengan bawa n‚Ä¶,
2021-01-24 09:30:38,Uglytru05577378,False,False,@fluffyness_2 Have you thought about how you are triggering others with your hate speech? Nah didn't think so all about you  isn't it ?,
2021-01-24 09:30:45,TerryTmcgookin,True,False,RT @LozzaFox: Good. All subjective legislation should be repealed. 

It‚Äôs either a crime, or it‚Äôs not. 

It certainly isn‚Äôt a crime because‚Ä¶,
2021-01-24 09:30:46,lindquist_lord,False,False,@LozzaFox @pritipatel LOVE IT!

Bye Bye Hate Speech Law!,
2021-01-24 09:31:03,TheLeanLantern1,True,False,RT @Mokhanz007: @PoloPukzFC The language from this individual just sums up the current racial tension in the UK. I am not surprised at this‚Ä¶,
2021-01-24 09:31:05,Alison_0410,True,False,RT @PaulMer53: Look at this tweet like and retweet to show you've seen it. 
Then do us all a favour and go to my Pinned Tweet and like and‚Ä¶,
2021-01-24 09:31:09,liz_brown2020,True,False,RT @LozzaFox: Good. All subjective legislation should be repealed. 

It‚Äôs either a crime, or it‚Äôs not. 

It certainly isn‚Äôt a crime because‚Ä¶,
2021-01-24 09:31:12,davidchutchings,True,False,RT @LozzaFox: Good. All subjective legislation should be repealed. 

It‚Äôs either a crime, or it‚Äôs not. 

It certainly isn‚Äôt a crime because‚Ä¶,
2021-01-24 09:31:16,NancyWindsorUK,True,False,RT @LozzaFox: Good. All subjective legislation should be repealed. 

It‚Äôs either a crime, or it‚Äôs not. 

It certainly isn‚Äôt a crime because‚Ä¶,
2021-01-24 09:31:18,FranzK41367609,True,False,RT @LozzaFox: Good. All subjective legislation should be repealed. 

It‚Äôs either a crime, or it‚Äôs not. 

It certainly isn‚Äôt a crime because‚Ä¶,
2021-01-24 09:31:26,ohjings,True,False,RT @LozzaFox: Good. All subjective legislation should be repealed. 

It‚Äôs either a crime, or it‚Äôs not. 

It certainly isn‚Äôt a crime because‚Ä¶,
2021-01-24 09:31:31,GlobalSatori,True,False,RT @LozzaFox: Good. All subjective legislation should be repealed. 

It‚Äôs either a crime, or it‚Äôs not. 

It certainly isn‚Äôt a crime because‚Ä¶,
2021-01-24 09:31:34,BrightMwenitete,False,True,It's should serve as a lesson to those who treat unpopular opinions with agitation, hate and hostility before probing. Today you will call Mr Mumba a prophet but 6 years ago, sure majority was hate speech for such an unpopular opinion,It wasn't rocket science now, was it? I think we all know what to do in August. 

#selfstyledking #Zambia https://t.co/VSzhFMgB8g
2021-01-24 09:31:35,RobbyRobot999,True,False,RT @LozzaFox: Good. All subjective legislation should be repealed. 

It‚Äôs either a crime, or it‚Äôs not. 

It certainly isn‚Äôt a crime because‚Ä¶,
2021-01-24 09:31:36,Robert07298335,True,False,RT @spikedonline: "Big Tech companies have legal immunity when they remove content from their platforms. Their decision-making processes, t‚Ä¶,
2021-01-24 09:31:40,BobValdezSharps,False,True,Physical responses inevitable very soon.,@JohnnyTYKE What‚Äôs left I wonder ? How long till white people breathing is racist and homophobic and any other ism they care to tag on to it ? How much longer do we have to put up with anti white bigoted shi* before it gets clamped down on ? Hate speech is a crime after all !!!!
2021-01-24 09:31:43,chitchattee,False,True,They will never learn that lesson, but good to see hate speech is being blocked.,Maybe this will teach the radical left a lesson about censorship.
2021-01-24 09:31:43,JulieBishenden,True,False,RT @LozzaFox: Good. All subjective legislation should be repealed. 

It‚Äôs either a crime, or it‚Äôs not. 

It certainly isn‚Äôt a crime because‚Ä¶,
2021-01-24 09:31:44,GaryTrowsdale,False,True,When Trump said he would ‚Äúreturn in some way‚Äù his little England outpost still going strong #BrexitBritain,Priti Patel to take axe to Tony Blair's hate speech laws fuelling woke cancel culture | UK | News | https://t.co/eUvAkCKRWC https://t.co/SJVQNjjMW7
2021-01-24 09:31:47,simonlerosbif,True,False,RT @LozzaFox: Good. All subjective legislation should be repealed. 

It‚Äôs either a crime, or it‚Äôs not. 

It certainly isn‚Äôt a crime because‚Ä¶,
2021-01-24 09:31:48,CMY1952,True,False,RT @LozzaFox: Good. All subjective legislation should be repealed. 

It‚Äôs either a crime, or it‚Äôs not. 

It certainly isn‚Äôt a crime because‚Ä¶,
2021-01-24 09:31:54,ivanp6664,True,False,RT @LozzaFox: Good. All subjective legislation should be repealed. 

It‚Äôs either a crime, or it‚Äôs not. 

It certainly isn‚Äôt a crime because‚Ä¶,
2021-01-24 09:31:54,jaybo_n,True,False,RT @LozzaFox: Good. All subjective legislation should be repealed. 

It‚Äôs either a crime, or it‚Äôs not. 

It certainly isn‚Äôt a crime because‚Ä¶,
2021-01-24 09:31:56,Blase_J,False,False,They banned Donald Trump off twitter over violent/hate speech and everyone had nothing but mean things to say about Candace Owens baby.,
2021-01-24 09:31:59,BackborisApril,True,False,RT @LozzaFox: Good. All subjective legislation should be repealed. 

It‚Äôs either a crime, or it‚Äôs not. 

It certainly isn‚Äôt a crime because‚Ä¶,
2021-01-24 09:31:59,kumarvikash011,True,False,RT @Swamy39: Dr Subramanian Swamy with Dr Venkat Iyer - Hate Speech: Can the Law Do Anything About It https://t.co/ZZIkuiZ9q2,
2021-01-24 09:32:03,the_cynical1,True,False,RT @LozzaFox: Good. All subjective legislation should be repealed. 

It‚Äôs either a crime, or it‚Äôs not. 

It certainly isn‚Äôt a crime because‚Ä¶,
2021-01-24 09:32:19,JimC267,True,False,RT @LozzaFox: Good. All subjective legislation should be repealed. 

It‚Äôs either a crime, or it‚Äôs not. 

It certainly isn‚Äôt a crime because‚Ä¶,
2021-01-24 09:32:21,Kayaplaaya,True,True,RT @Mlickles: This fan work is one of the most tragic things I've seen on the Internet. Chief probably just wanted to make a fun video for‚Ä¶,A message to ultimate Isabelle players https://t.co/fXcYz1Iy57
2021-01-24 09:32:25,CentristLogic,False,False,@LozzaFox I'm American and cheering for the repeal of all bogus hate speech laws for my friends in the UK.  I can't imagine living my life worried about what subjective phrase might land me in jail.,
2021-01-24 09:32:28,Calicokindness,True,True,RT @AdamSerwer: This week alone, people were fired from the New York Times, the Niskanen Center, and Fox News for making conservatives mad,It‚Äôs equally amazing that people tweet disingenuous nonsense like this, when conservatives have been for ages pointing out that when it comes to speech the left has become exactly what it purported to hate.
2021-01-24 09:32:31,WakefieldGirl2,True,False,RT @LozzaFox: Good. All subjective legislation should be repealed. 

It‚Äôs either a crime, or it‚Äôs not. 

It certainly isn‚Äôt a crime because‚Ä¶,
2021-01-24 09:32:33,PaulGWesson,True,False,RT @LozzaFox: Good. All subjective legislation should be repealed. 

It‚Äôs either a crime, or it‚Äôs not. 

It certainly isn‚Äôt a crime because‚Ä¶,
2021-01-24 09:32:51,jjp666,True,False,RT @newscomauHQ: China has slammed Australia for its ‚Äúracism problem‚Äù and even offered five recommendations for Canberra to combat ‚Äúviolenc‚Ä¶,
2021-01-24 09:32:51,NotnoworlaterSD,True,True,RT @AdamSerwer: This week alone, people were fired from the New York Times, the Niskanen Center, and Fox News for making conservatives mad‚Ä¶,It‚Äôs equally amazing that people tweet disingenuous nonsense like this, when conservatives have been for ages pointing out that when it comes to speech the left has become exactly what it purported to hate. https://t.co/wgY7ITOmb5
2021-01-24 09:32:52,sharoncarthy2,True,False,RT @LozzaFox: Good. All subjective legislation should be repealed. 

It‚Äôs either a crime, or it‚Äôs not. 

It certainly isn‚Äôt a crime because‚Ä¶,
2021-01-24 09:32:53,SJ141123,True,False,RT @LozzaFox: Good. All subjective legislation should be repealed. 

It‚Äôs either a crime, or it‚Äôs not. 

It certainly isn‚Äôt a crime because‚Ä¶,
2021-01-24 09:32:54,JOHjohJOH12,True,False,RT @LozzaFox: Good. All subjective legislation should be repealed. 

It‚Äôs either a crime, or it‚Äôs not. 

It certainly isn‚Äôt a crime because‚Ä¶,
2021-01-24 09:32:54,JohnTShallow,True,False,RT @LozzaFox: Good. All subjective legislation should be repealed. 

It‚Äôs either a crime, or it‚Äôs not. 

It certainly isn‚Äôt a crime because‚Ä¶,
2021-01-24 09:32:58,KevinYoung64,False,False,Not often I find myself sharing the same position as @pritipatel but I stand full square with her and @ABridgen on this matter of #freespeech 
https://t.co/mJG2bUNvtj,
2021-01-24 09:33:03,pengers72,True,False,RT @BreesAnna: Priti Patel to take axe to Tony Blair's hate speech laws fuelling woke cancel culture | UK | News | https://t.co/eUvAkCKRWC‚Ä¶,
2021-01-24 09:33:06,eschaton,True,True,RT @AdamSerwer: This week alone, people were fired from the New York Times, the Niskanen Center, and Fox News for making conservatives mad,It‚Äôs equally amazing that people tweet disingenuous nonsense like this, when conservatives have been for ages pointing out that when it comes to speech the left has become exactly what it purported to hate.
2021-01-24 09:33:09,Not_Knightmare,True,False,RT @SusieTheFallGuy: I‚Äôm just gonna say this

If you‚Äôre annoyed by certain characters in online video games and think they should be nerfed‚Ä¶,
2021-01-24 09:33:09,AkiRensGirl,True,False,RT @Girbeagly: Seeing @Twitch continue to be mindlessly dogshit at moderating the chat of their own official streams (i.e. not having mods‚Ä¶,
2021-01-24 09:33:10,malbruja69,True,True,RT @AdamSerwer: This week alone, people were fired from the New York Times, the Niskanen Center, and Fox News for making conservatives mad,It‚Äôs equally amazing that people tweet disingenuous nonsense like this, when conservatives have been for ages pointing out that when it comes to speech the left has become exactly what it purported to hate.
2021-01-24 09:33:12,dl9255,True,False,RT @LozzaFox: Good. All subjective legislation should be repealed. 

It‚Äôs either a crime, or it‚Äôs not. 

It certainly isn‚Äôt a crime because‚Ä¶,
2021-01-24 09:33:17,BarbarellaBelu1,True,False,RT @LozzaFox: Good. All subjective legislation should be repealed. 

It‚Äôs either a crime, or it‚Äôs not. 

It certainly isn‚Äôt a crime because‚Ä¶,
2021-01-24 09:33:19,jubs1515,False,True,About time, but I'll be amazed if it happens.,Good. All subjective legislation should be repealed. 

It‚Äôs either a crime, or it‚Äôs not. 

It certainly isn‚Äôt a crime because someone *feels* it is.

Bye bye hate crime. Don‚Äôt forget your coat. üëãüèª  https://t.co/5aL1so3mTd
2021-01-24 09:33:22,uzodinmandukwe,False,True,The media houses have been sidelined and pocketed by the government hate speech bill.,Miyetti Allah leaders were challenging Gov Ortom that year.

Them dey even appear for TV. 

No TV station can invite Sunday Igboho. 

NBC sanctions
2021-01-24 09:33:26,ToucheAdrian,False,False,Priti Patel to take axe to Tony Blair's hate speech laws fuelling woke cancel culture https://t.co/x3fB7I6fhE 

@pritipatel is leading the @Conservatives charge with Conservative policies. Well done her

@MartinDaubney @piersmorgan #vaccination #COVID19 #Covid_19 @GMB,
2021-01-24 09:33:32,highfries,False,False,This is a good news item!!

https://t.co/0t0e44ZF5l,
2021-01-24 09:33:34,ApocalypseEmer1,False,False,@bourbonislife80 That's hate speech,
2021-01-24 09:33:41,SnagpalPara,True,True,RT @sankrant: These are not real groups but Communist-Islamist front orgs with no community support.

This is pure Hindu hate. Imagine if t‚Ä¶,A letter by some Indian American groups to Biden, telling him to make sure he vets any IAs in his party or anyone he wishes to appoint in his administration for RSS-BJP links.

There are usual suspects (org names are obvious). https://t.co/pJSNPuaIQS
2021-01-24 09:33:42,Marciahatheral1,True,False,RT @LozzaFox: Good. All subjective legislation should be repealed. 

It‚Äôs either a crime, or it‚Äôs not. 

It certainly isn‚Äôt a crime because‚Ä¶,
2021-01-24 09:33:44,fellat_thelast,True,False,RT @LozzaFox: Good. All subjective legislation should be repealed. 

It‚Äôs either a crime, or it‚Äôs not. 

It certainly isn‚Äôt a crime because‚Ä¶,
2021-01-24 09:33:45,universlisa,True,False,RT @protectlili: üö® MASS REPORT üö® 

This tiktok acc is still up. They have over 40k followers and dedicate their entire page to attack L!sa.‚Ä¶,
2021-01-24 09:33:46,MaryMalde,True,False,RT @LozzaFox: Good. All subjective legislation should be repealed. 

It‚Äôs either a crime, or it‚Äôs not. 

It certainly isn‚Äôt a crime because‚Ä¶,
2021-01-24 09:33:47,MsBidee,True,False,RT @LozzaFox: Good. All subjective legislation should be repealed. 

It‚Äôs either a crime, or it‚Äôs not. 

It certainly isn‚Äôt a crime because‚Ä¶,
2021-01-24 09:33:56,siddal21,True,False,RT @BreesAnna: Priti Patel to take axe to Tony Blair's hate speech laws fuelling woke cancel culture | UK | News | https://t.co/eUvAkCKRWC‚Ä¶,
2021-01-24 09:34:04,MORNAFAN93,False,False,@1234KYLE5678 I read your L A Times piece about dating. Very well written and moving. However, we are not "qu**rs" - we are gay and bi men and women. If we want respect from the rest of the world we must first show it to ourselves by not using hate speech.,
2021-01-24 09:34:09,zoekennedy,False,False,@mxalex15 @Flaneurble @OwenJones84 Good luck and remember, it‚Äôs no longer free speech if it‚Äôs hate speech.,
2021-01-24 09:34:12,Marlbenj,True,True,RT @AdamSerwer: This week alone, people were fired from the New York Times, the Niskanen Center, and Fox News for making conservatives mad,It‚Äôs equally amazing that people tweet disingenuous nonsense like this, when conservatives have been for ages pointing out that when it comes to speech the left has become exactly what it purported to hate.
2021-01-24 09:34:25,patrick_barrow,False,False,Facebook bans ‚ÄòDevil‚Äôs Dyke‚Äô after branding it hate speech - wait till they hear what Dutch boys do in an emergency! https://t.co/7ERH6FT2Za,
2021-01-24 09:34:27,FromoutsideAlan,True,False,RT @LozzaFox: Good. All subjective legislation should be repealed. 

It‚Äôs either a crime, or it‚Äôs not. 

It certainly isn‚Äôt a crime because‚Ä¶,
2021-01-24 09:34:28,ciananbrennan,True,False,RT @drlucymichael: Reported a genocidal comment against Travellers to Facebook today that was under a post on Covid infections on a halting‚Ä¶,
2021-01-24 09:34:28,DullManofGB,True,False,RT @BreesAnna: Priti Patel to take axe to Tony Blair's hate speech laws fuelling woke cancel culture | UK | News | https://t.co/eUvAkCKRWC‚Ä¶,
2021-01-24 09:34:39,themakersname,True,False,RT @LozzaFox: Good. All subjective legislation should be repealed. 

It‚Äôs either a crime, or it‚Äôs not. 

It certainly isn‚Äôt a crime because‚Ä¶,
2021-01-24 09:34:48,RobbyRobot999,False,False,@CentristLogic @LozzaFox America has got plenty of hate speech problems of its own. And now that China Biden has been fraudulently placed in the White House, your problems are only just beginning.,
2021-01-24 09:34:49,fluffyness_2,False,True,No bc I was having such a hard time when I wrote this tweet and this mf just- ughhh,@fluffyness_2 Have you thought about how you are triggering others with your hate speech? Nah didn't think so all about you  isn't it ?
2021-01-24 09:34:51,dombrad,True,False,RT @LozzaFox: Good. All subjective legislation should be repealed. 

It‚Äôs either a crime, or it‚Äôs not. 

It certainly isn‚Äôt a crime because‚Ä¶,
2021-01-24 09:34:59,MrM32643756,True,False,RT @LozzaFox: Good. All subjective legislation should be repealed. 

It‚Äôs either a crime, or it‚Äôs not. 

It certainly isn‚Äôt a crime because‚Ä¶,
2021-01-24 09:35:05,depugis,True,False,RT @LozzaFox: Good. All subjective legislation should be repealed. 

It‚Äôs either a crime, or it‚Äôs not. 

It certainly isn‚Äôt a crime because‚Ä¶,
2021-01-24 09:35:06,Charlie59845959,True,False,RT @LozzaFox: Good. All subjective legislation should be repealed. 

It‚Äôs either a crime, or it‚Äôs not. 

It certainly isn‚Äôt a crime because‚Ä¶,
2021-01-24 09:35:08,HSingh925,True,False,RT @LozzaFox: Good. All subjective legislation should be repealed. 

It‚Äôs either a crime, or it‚Äôs not. 

It certainly isn‚Äôt a crime because‚Ä¶,
2021-01-24 09:35:11,PaulCaddIck128,True,False,RT @LozzaFox: Good. All subjective legislation should be repealed. 

It‚Äôs either a crime, or it‚Äôs not. 

It certainly isn‚Äôt a crime because‚Ä¶,
2021-01-24 09:35:26,evil_electivire,True,True,RT @Mlickles: This fan work is one of the most tragic things I've seen on the Internet. Chief probably just wanted to make a fun video for‚Ä¶,A message to ultimate Isabelle players https://t.co/fXcYz1Iy57
2021-01-24 09:35:28,pixelsonapage,False,False,@sdnpa @nationaltrust  hearing stories that Facebook considered Devil's Dyke as hate speech...,
2021-01-24 09:35:28,Syphil_s,True,True,RT @Mlickles: This fan work is one of the most tragic things I've seen on the Internet. Chief probably just wanted to make a fun video for‚Ä¶,A message to ultimate Isabelle players https://t.co/fXcYz1Iy57
2021-01-24 09:35:29,KamiiSai,True,True,RT @Mlickles: This fan work is one of the most tragic things I've seen on the Internet. Chief probably just wanted to make a fun video for‚Ä¶,A message to ultimate Isabelle players https://t.co/fXcYz1Iy57
2021-01-24 09:35:35,Johnnyredtales,True,False,RT @LozzaFox: Good. All subjective legislation should be repealed. 

It‚Äôs either a crime, or it‚Äôs not. 

It certainly isn‚Äôt a crime because‚Ä¶,
2021-01-24 09:35:35,MsDarylCalvert1,True,False,RT @LozzaFox: Good. All subjective legislation should be repealed. 

It‚Äôs either a crime, or it‚Äôs not. 

It certainly isn‚Äôt a crime because‚Ä¶,
2021-01-24 09:35:36,pjschrenk,True,True,RT @AdamSerwer: This week alone, people were fired from the New York Times, the Niskanen Center, and Fox News for making conservatives mad,It‚Äôs equally amazing that people tweet disingenuous nonsense like this, when conservatives have been for ages pointing out that when it comes to speech the left has become exactly what it purported to hate.
2021-01-24 09:35:40,SkyFudgey,True,False,RT @negaoryx: There's more than 42,000+ viewers watching the Twitch Participation Ceremony on the offical @Twitch channel now. Users in cha‚Ä¶,
2021-01-24 09:35:43,CCampbellJack,True,False,RT @LozzaFox: Good. All subjective legislation should be repealed. 

It‚Äôs either a crime, or it‚Äôs not. 

It certainly isn‚Äôt a crime because‚Ä¶,
2021-01-24 09:35:43,fizzystix,True,True,RT @Mlickles: This fan work is one of the most tragic things I've seen on the Internet. Chief probably just wanted to make a fun video for‚Ä¶,A message to ultimate Isabelle players https://t.co/fXcYz1Iy57
2021-01-24 09:36:06,Richlin11a,True,False,RT @LozzaFox: Good. All subjective legislation should be repealed. 

It‚Äôs either a crime, or it‚Äôs not. 

It certainly isn‚Äôt a crime because‚Ä¶,
2021-01-24 09:36:16,Godfrey28482926,True,False,RT @LozzaFox: Good. All subjective legislation should be repealed. 

It‚Äôs either a crime, or it‚Äôs not. 

It certainly isn‚Äôt a crime because‚Ä¶,
2021-01-24 09:36:22,SturdyWendy,True,False,RT @LozzaFox: Good. All subjective legislation should be repealed. 

It‚Äôs either a crime, or it‚Äôs not. 

It certainly isn‚Äôt a crime because‚Ä¶,
2021-01-24 09:36:23,thepublicgets,True,False,RT @LozzaFox: Good. All subjective legislation should be repealed. 

It‚Äôs either a crime, or it‚Äôs not. 

It certainly isn‚Äôt a crime because‚Ä¶,
2021-01-24 09:36:30,Mordd_IndyMedia,False,False,@AshBinAus @Facebook Yes well clearly they showed me my place. There is a lot of comedians out there I know of I should probably inform now though that half their jokes are hate speech apparently.,
2021-01-24 09:36:30,Russbarr,True,True,RT @AdamSerwer: This week alone, people were fired from the New York Times, the Niskanen Center, and Fox News for making conservatives mad,It‚Äôs equally amazing that people tweet disingenuous nonsense like this, when conservatives have been for ages pointing out that when it comes to speech the left has become exactly what it purported to hate.
2021-01-24 09:36:32,Deepblueocean68,True,False,RT @LozzaFox: Good. All subjective legislation should be repealed. 

It‚Äôs either a crime, or it‚Äôs not. 

It certainly isn‚Äôt a crime because‚Ä¶,
2021-01-24 09:36:32,Rdot89,True,False,RT @negaoryx: There's more than 42,000+ viewers watching the Twitch Participation Ceremony on the offical @Twitch channel now. Users in cha‚Ä¶,
2021-01-24 09:36:35,painflavored,True,True,RT @Mlickles: This fan work is one of the most tragic things I've seen on the Internet. Chief probably just wanted to make a fun video for‚Ä¶,A message to ultimate Isabelle players https://t.co/fXcYz1Iy57
2021-01-24 09:36:38,robert27475000,True,False,RT @BreesAnna: Priti Patel to take axe to Tony Blair's hate speech laws fuelling woke cancel culture | UK | News | https://t.co/eUvAkCKRWC‚Ä¶,
2021-01-24 09:36:39,pureb1nary,True,False,RT @LozzaFox: Good. All subjective legislation should be repealed. 

It‚Äôs either a crime, or it‚Äôs not. 

It certainly isn‚Äôt a crime because‚Ä¶,
2021-01-24 09:36:45,GillJames54,True,False,RT @LozzaFox: Good. All subjective legislation should be repealed. 

It‚Äôs either a crime, or it‚Äôs not. 

It certainly isn‚Äôt a crime because‚Ä¶,
2021-01-24 09:36:46,bhuvanajagtap1,True,False,RT @idsnupdates: January 2021 @idsnupdates round-up of news on the fight to #EndCasteDiscrimination incl. caste-hate speech, caste in suppl‚Ä¶,
2021-01-24 09:36:59,Emilinehope,False,True,It also reflects the lack of social media platforms to halt the spread of disinformation and hate speech, Isis being a good example.  (Note to self, don‚Äôt comment till after the first coffee).,Capitol attack reflects US extremist evolution over decades - ABC News https://t.co/U3cFthQB07
2021-01-24 09:37:01,ClonesDreamGirl,True,True,RT @AdamSerwer: This week alone, people were fired from the New York Times, the Niskanen Center, and Fox News for making conservatives mad,It‚Äôs equally amazing that people tweet disingenuous nonsense like this, when conservatives have been for ages pointing out that when it comes to speech the left has become exactly what it purported to hate.
2021-01-24 09:37:03,RosinaFrance,True,False,RT @BreesAnna: Priti Patel to take axe to Tony Blair's hate speech laws fuelling woke cancel culture | UK | News | https://t.co/eUvAkCKRWC‚Ä¶,
2021-01-24 09:37:12,boysworldmex,False,False,not instagram saying that i‚Äôm using hate speech by saying that men are ‚ú®weird‚ú® i swear üôÑüôÑ https://t.co/KyZ2L1z241,
2021-01-24 09:37:17,bedrea_laftah,True,False,RT @LozzaFox: Good. All subjective legislation should be repealed. 

It‚Äôs either a crime, or it‚Äôs not. 

It certainly isn‚Äôt a crime because‚Ä¶,
2021-01-24 09:37:18,dghdavies,True,False,RT @LozzaFox: Good. All subjective legislation should be repealed. 

It‚Äôs either a crime, or it‚Äôs not. 

It certainly isn‚Äôt a crime because‚Ä¶,
2021-01-24 09:37:22,LuthyFlaw,False,False,@notcapnamerica That person is a rancid piece of shit. I reported them for hate speech https://t.co/2JSgWylRkI,
2021-01-24 09:37:29,PrincessofWails,True,False,RT @LozzaFox: Good. All subjective legislation should be repealed. 

It‚Äôs either a crime, or it‚Äôs not. 

It certainly isn‚Äôt a crime because‚Ä¶,
2021-01-24 09:37:29,GenderParityUK,False,True,We need to get behind this.  Hate Crime legislation uses the same divisive characteristics as the intersectionalists. 
You are defined by your group, not by your actions.,Good. All subjective legislation should be repealed. 

It‚Äôs either a crime, or it‚Äôs not. 

It certainly isn‚Äôt a crime because someone *feels* it is.

Bye bye hate crime. Don‚Äôt forget your coat. üëãüèª  https://t.co/5aL1so3mTd
2021-01-24 09:37:33,Jibachu7,True,True,RT @Mlickles: This fan work is one of the most tragic things I've seen on the Internet. Chief probably just wanted to make a fun video for‚Ä¶,A message to ultimate Isabelle players https://t.co/fXcYz1Iy57
2021-01-24 09:37:36,EssexLad_36,True,False,RT @LozzaFox: Good. All subjective legislation should be repealed. 

It‚Äôs either a crime, or it‚Äôs not. 

It certainly isn‚Äôt a crime because‚Ä¶,
2021-01-24 09:37:38,Fizzycist1,False,True,What about us in Scotland? They are trying to implement a law up here so kids can snitch on private conversations in your own home.,Good. All subjective legislation should be repealed. 

It‚Äôs either a crime, or it‚Äôs not. 

It certainly isn‚Äôt a crime because someone *feels* it is.

Bye bye hate crime. Don‚Äôt forget your coat. üëãüèª  https://t.co/5aL1so3mTd
2021-01-24 09:37:55,Lifeisjustlarp1,True,False,RT @LozzaFox: Good. All subjective legislation should be repealed. 

It‚Äôs either a crime, or it‚Äôs not. 

It certainly isn‚Äôt a crime because‚Ä¶,
2021-01-24 09:37:58,Jillyhar2020,True,False,RT @LozzaFox: Good. All subjective legislation should be repealed. 

It‚Äôs either a crime, or it‚Äôs not. 

It certainly isn‚Äôt a crime because‚Ä¶,
2021-01-24 09:38:03,StraightArrowNZ,True,False,RT @LozzaFox: Good. All subjective legislation should be repealed. 

It‚Äôs either a crime, or it‚Äôs not. 

It certainly isn‚Äôt a crime because‚Ä¶,
2021-01-24 09:38:04,cryforme_byb,True,False,RT @ITZYGuardians: [ TIKTOK MASS REPORT ]

This op's content with ot4 propaganda grabbed a lot of attention in the tiktok community

REPORT‚Ä¶,
2021-01-24 09:38:06,debnornirn,True,False,RT @LozzaFox: Good. All subjective legislation should be repealed. 

It‚Äôs either a crime, or it‚Äôs not. 

It certainly isn‚Äôt a crime because‚Ä¶,
2021-01-24 09:38:12,serakurox,False,True,Forgiven if true, PP!,Good. All subjective legislation should be repealed. 

It‚Äôs either a crime, or it‚Äôs not. 

It certainly isn‚Äôt a crime because someone *feels* it is.

Bye bye hate crime. Don‚Äôt forget your coat. üëãüèª  https://t.co/5aL1so3mTd
2021-01-24 09:38:16,KopsMiss,False,False,@tedcruz @Sethrogen Your party of Trump and the #SeditionCaucus is responsible for the deaths of 400,000 Americans and an unchecked virus that destroyed lives, businesses and our economy.

Your God is ‚Äúpower and corruption‚Äù

Your free speech ‚Äúhate and deception‚Äù.

#ResignTedCruz,
2021-01-24 09:38:18,wellynelly6,True,False,RT @BreesAnna: Priti Patel to take axe to Tony Blair's hate speech laws fuelling woke cancel culture | UK | News | https://t.co/eUvAkCKRWC‚Ä¶,
2021-01-24 09:39:16,Zwitscherpuree,False,False,Say no to hate speech. Respect each other. #respect #hatespeech #hate,
2021-01-24 09:39:22,maturefinancier,True,False,RT @LozzaFox: Good. All subjective legislation should be repealed. 

It‚Äôs either a crime, or it‚Äôs not. 

It certainly isn‚Äôt a crime because‚Ä¶,
2021-01-24 09:39:28,PositivFuturist,True,False,RT @LozzaFox: Good. All subjective legislation should be repealed. 

It‚Äôs either a crime, or it‚Äôs not. 

It certainly isn‚Äôt a crime because‚Ä¶,
2021-01-24 09:39:28,Tattooed_Trekky,True,False,RT @LozzaFox: Good. All subjective legislation should be repealed. 

It‚Äôs either a crime, or it‚Äôs not. 

It certainly isn‚Äôt a crime because‚Ä¶,
2021-01-24 09:40:00,luketoop,True,True,RT @AdamSerwer: This week alone, people were fired from the New York Times, the Niskanen Center, and Fox News for making conservatives mad‚Ä¶,It‚Äôs equally amazing that people tweet disingenuous nonsense like this, when conservatives have been for ages pointing out that when it comes to speech the left has become exactly what it purported to hate. https://t.co/wgY7ITOmb5
2021-01-24 09:40:01,Lg_2412,True,False,RT @LozzaFox: Good. All subjective legislation should be repealed. 

It‚Äôs either a crime, or it‚Äôs not. 

It certainly isn‚Äôt a crime because‚Ä¶,
2021-01-24 09:40:02,MariaPops87,True,False,RT @LozzaFox: Good. All subjective legislation should be repealed. 

It‚Äôs either a crime, or it‚Äôs not. 

It certainly isn‚Äôt a crime because‚Ä¶,
2021-01-24 09:40:02,mmmmmthatgirl,True,True,RT @AdamSerwer: This week alone, people were fired from the New York Times, the Niskanen Center, and Fox News for making conservatives mad,It‚Äôs equally amazing that people tweet disingenuous nonsense like this, when conservatives have been for ages pointing out that when it comes to speech the left has become exactly what it purported to hate.
2021-01-24 09:40:07,profundo_basso,True,False,RT @LozzaFox: Good. All subjective legislation should be repealed. 

It‚Äôs either a crime, or it‚Äôs not. 

It certainly isn‚Äôt a crime because‚Ä¶,
2021-01-24 09:40:10,flyingtsunami,True,True,RT @AdamSerwer: This week alone, people were fired from the New York Times, the Niskanen Center, and Fox News for making conservatives mad,It‚Äôs equally amazing that people tweet disingenuous nonsense like this, when conservatives have been for ages pointing out that when it comes to speech the left has become exactly what it purported to hate.
2021-01-24 09:40:16,gnoejuan,True,True,RT @AdamSerwer: This week alone, people were fired from the New York Times, the Niskanen Center, and Fox News for making conservatives mad,It‚Äôs equally amazing that people tweet disingenuous nonsense like this, when conservatives have been for ages pointing out that when it comes to speech the left has become exactly what it purported to hate.
2021-01-24 09:40:40,markhumphrys,True,False,RT @LozzaFox: Good. All subjective legislation should be repealed. 

It‚Äôs either a crime, or it‚Äôs not. 

It certainly isn‚Äôt a crime because‚Ä¶,
2021-01-24 09:40:47,werewolfwebsite,True,True,RT @Mlickles: This fan work is one of the most tragic things I've seen on the Internet. Chief probably just wanted to make a fun video for‚Ä¶,A message to ultimate Isabelle players https://t.co/fXcYz1Iy57
2021-01-24 09:40:48,kryten39,True,True,RT @BryanDechart: This is disheartening @Twitch, do better!  We are so grateful for the inclusive, positive community on our streams and kn‚Ä¶,There's more than 42,000+ viewers watching the Twitch Participation Ceremony on the offical @Twitch channel now. Users in chat are spewing hate speech &amp; harassing the guest streamers. 3 mod names in the chat list but since I've been watching, have seen ZERO messages get deleted.
2021-01-24 09:40:59,amybinjin,True,False,RT @binjinist22: the way hyunbin delivered his speech yesterday just shows how much he respects and admire son yejin the actress as much as‚Ä¶,
2021-01-24 09:41:09,DeltaDartHorse,True,True,RT @awstar11: This is literally what the people demanding "hate-speech" laws want,Video of the moment when Navalny ally/lawyer Lyubov Sobol is grabbed by riot cops while speaking in Moscow. (Video by @tvrain) https://t.co/dCY0nlLzgi
2021-01-24 09:41:16,ZoltarSpeaks20,True,False,RT @LozzaFox: Good. All subjective legislation should be repealed. 

It‚Äôs either a crime, or it‚Äôs not. 

It certainly isn‚Äôt a crime because‚Ä¶,
2021-01-24 09:41:18,SonnexPeter,True,False,RT @LozzaFox: Good. All subjective legislation should be repealed. 

It‚Äôs either a crime, or it‚Äôs not. 

It certainly isn‚Äôt a crime because‚Ä¶,
2021-01-24 09:41:18,iand62986733,True,False,RT @LozzaFox: Good. All subjective legislation should be repealed. 

It‚Äôs either a crime, or it‚Äôs not. 

It certainly isn‚Äôt a crime because‚Ä¶,
2021-01-24 09:41:27,tjerubbaal,True,False,RT @LozzaFox: Good. All subjective legislation should be repealed. 

It‚Äôs either a crime, or it‚Äôs not. 

It certainly isn‚Äôt a crime because‚Ä¶,
2021-01-24 09:41:28,infosuphighway,True,False,RT @LozzaFox: Good. All subjective legislation should be repealed. 

It‚Äôs either a crime, or it‚Äôs not. 

It certainly isn‚Äôt a crime because‚Ä¶,
2021-01-24 09:41:28,AssiduusLumen,True,False,RT @BreesAnna: Priti Patel to take axe to Tony Blair's hate speech laws fuelling woke cancel culture | UK | News | https://t.co/eUvAkCKRWC‚Ä¶,
2021-01-24 09:41:29,AllinsonDavid,True,False,RT @LozzaFox: Good. All subjective legislation should be repealed. 

It‚Äôs either a crime, or it‚Äôs not. 

It certainly isn‚Äôt a crime because‚Ä¶,
2021-01-24 09:41:33,grancake,True,False,RT @LozzaFox: Good. All subjective legislation should be repealed. 

It‚Äôs either a crime, or it‚Äôs not. 

It certainly isn‚Äôt a crime because‚Ä¶,
2021-01-24 09:41:35,deljackson_,True,True,RT @awstar11: This is literally what the people demanding "hate-speech" laws want,Video of the moment when Navalny ally/lawyer Lyubov Sobol is grabbed by riot cops while speaking in Moscow. (Video by @tvrain) https://t.co/dCY0nlLzgi
2021-01-24 09:41:40,scaifeneil,True,False,RT @LozzaFox: Good. All subjective legislation should be repealed. 

It‚Äôs either a crime, or it‚Äôs not. 

It certainly isn‚Äôt a crime because‚Ä¶,
2021-01-24 09:41:48,chynjnskrrt,True,False,RT @ITZYGuardians: [ TIKTOK MASS REPORT ]

This op's content with ot4 propaganda grabbed a lot of attention in the tiktok community

REPORT‚Ä¶,
2021-01-24 09:41:48,AliceDove7,True,False,RT @BreesAnna: Priti Patel to take axe to Tony Blair's hate speech laws fuelling woke cancel culture | UK | News | https://t.co/eUvAkCKRWC‚Ä¶,
2021-01-24 09:41:51,SkeletonMang,True,True,RT @Mlickles: This fan work is one of the most tragic things I've seen on the Internet. Chief probably just wanted to make a fun video for‚Ä¶,A message to ultimate Isabelle players https://t.co/fXcYz1Iy57
2021-01-24 09:41:53,susdock_ebooks,False,False,boomers may be shit but the government punish hate speech!!!!!,
2021-01-24 09:42:04,PreparedCamping,False,False,Hope this happens and what the SNP are trying to do in Scotland gets rolled back too

Offending some snowflakes feelings should not be a crime

If you don't like it scroll by, mute or block

Freedom of speech doesn't mean people are compelled to listen...

https://t.co/E0738qvuJA,
2021-01-24 09:42:17,ChirananTBz_,True,False,RT @halenhenx: ‡∏Ñ‡∏≥‡∏´‡∏¢‡∏≤‡∏ö ‚â† hate speech ‡πÄ‡∏™‡∏°‡∏≠‡πÑ‡∏õ
‡∏Ñ‡∏≥‡∏û‡∏π‡∏î‡∏™‡∏∏‡∏†‡∏≤‡∏û ‡πÑ‡∏°‡πà‡∏°‡∏µ‡∏Ñ‡∏≥‡∏´‡∏¢‡∏≤‡∏ö ‚â† pc ‡πÄ‡∏™‡∏°‡∏≠‡πÑ‡∏õ,
2021-01-24 09:42:22,Helio_Spherical,True,False,RT @LozzaFox: Good. All subjective legislation should be repealed. 

It‚Äôs either a crime, or it‚Äôs not. 

It certainly isn‚Äôt a crime because‚Ä¶,
2021-01-24 09:42:26,SonjaSalminen,True,False,RT @idsnupdates: Recommendations by @Ritwajit at the #eungoforum2020 (thread):
1. Analyze: there is a need to measure and detect the preval‚Ä¶,
2021-01-24 09:42:26,nulinuli5N,False,False,@GlNGAARU @hanafiona22 @RudyTabootie94 oh fandom lain siapa ya mksdnya? saya bingung aja, hyung kyna ngotot bgt mojokin fandom kami.. udh dkasih tau baik2 dan dijelasin msh begitu.. sekali lg hyung sy ksh tau, 1 oknum bisa bikin sampe 30 akun cm buat hate speech. paling kl kita smart people, ga akan ngjudge fandomnya,
2021-01-24 09:42:32,iamdjka,True,False,RT @LozzaFox: Good. All subjective legislation should be repealed. 

It‚Äôs either a crime, or it‚Äôs not. 

It certainly isn‚Äôt a crime because‚Ä¶,
2021-01-24 09:42:32,thereald0tt,True,False,RT @LozzaFox: Good. All subjective legislation should be repealed. 

It‚Äôs either a crime, or it‚Äôs not. 

It certainly isn‚Äôt a crime because‚Ä¶,
2021-01-24 09:42:35,2021_Carl,False,True,Remember being at a briefing on hate crime where two officers revelled in the notion that it was about perception - not even necessarily of the "victim". 

It was horrifying. Showed where we've gone wrong in stark relief.

Words should never be criminalised. Ever.,Good. All subjective legislation should be repealed. 

It‚Äôs either a crime, or it‚Äôs not. 

It certainly isn‚Äôt a crime because someone *feels* it is.

Bye bye hate crime. Don‚Äôt forget your coat. üëãüèª  https://t.co/5aL1so3mTd
